model,horizon_min,mean,lo,hi,sig
Student-t SARIMA,15,-0.004623242489479752,-0.040603043705572675,0.03789114360195709,False
Student-t SARIMA,30,-0.026676871617919082,-0.11235972667175095,0.06584409795213979,False
Student-t SARIMA,60,-0.028294757194396433,-0.19529385612104874,0.12694336589953076,False
Student-t SARIMA,90,0.018429950684652578,-0.1944727772579589,0.2210156913130125,False
Student-t SARIMA,120,0.05194696634093442,-0.16642226505669536,0.2610907779104372,False
SARIMA MLE (exact),15,0.03722395770810776,-0.0038429280552744203,0.0764111548689037,False
SARIMA MLE (exact),30,0.06914902168944011,-0.06891946434999097,0.2041128907848408,False
SARIMA MLE (exact),60,0.08930610304633047,-0.15096075427818434,0.3717969948103995,False
SARIMA MLE (exact),90,0.03713169253542954,-0.2935479337300012,0.3859370629260609,False
SARIMA MLE (exact),120,0.024383913722591823,-0.33574827304481974,0.3612046356181994,False
"ARMA(2,2) no seasonal",15,-0.02719089046023686,-0.11105411731627843,0.04837254127204442,False
"ARMA(2,2) no seasonal",30,0.02918331579311463,-0.25211654680332474,0.26351280490559026,False
"ARMA(2,2) no seasonal",60,0.5214050729113286,-0.29059338562629294,1.1959674668145572,False
"ARMA(2,2) no seasonal",90,1.0902323381663905,-0.009496954645402867,2.1475149853538467,False
"ARMA(2,2) no seasonal",120,1.5813928325535134,0.4924606012629543,2.860285213517434,True
