model,horizon_min,RMSE,CRPS,cov95,width95,PIT_KS_p,R2
Gaussian SARIMA,15,5.935234778096359,3.278898219518649,0.9322916666666666,23.60290895671851,0.10241238302624123,0.9716747795592717
Gaussian SARIMA,30,14.085458017131954,7.737504400453305,0.93717277486911,55.16678417343348,0.0034460231869517318,0.8404710746131596
Gaussian SARIMA,60,24.560154495690895,13.569426360019081,0.9470899470899471,97.51678295625217,4.7448887774172986e-05,0.5149799617732187
Gaussian SARIMA,90,30.20392744028993,16.908012377163832,0.9358288770053476,115.70941143940803,4.420757859396891e-05,0.26645910765377
Gaussian SARIMA,120,32.72186954210857,18.380473734492192,0.9243243243243243,122.53139367464043,6.675477955962594e-05,0.1390583657440344
Student-t SARIMA,15,5.957852911129656,3.2742749770291693,0.9322916666666666,24.00083690641544,0.14607224244485328,0.9714584833701132
Student-t SARIMA,30,14.096376607959694,7.7108275288353845,0.93717277486911,55.20122903381926,0.005476877404700829,0.8402236554429943
Student-t SARIMA,60,24.562267378106007,13.541131602824684,0.9417989417989417,96.96533886490046,3.1304262513759513e-05,0.514896506728935
Student-t SARIMA,90,30.24256259510119,16.926442327848488,0.9358288770053476,115.24899343877613,1.9338636365960476e-05,0.2645812994281742
Student-t SARIMA,120,32.828725668588405,18.432420700833127,0.9297297297297298,122.45111794133355,2.8764489279901877e-05,0.13342622421954808
SARIMA MLE (exact),15,5.983170259563656,3.3161221772267564,0.9427083333333334,24.8577427538434,0.05957823820479624,0.9712153988785064
SARIMA MLE (exact),30,14.168099638701475,7.8066534221427455,0.9476439790575916,57.41792359338892,0.005922035076801221,0.8385936199244445
SARIMA MLE (exact),60,24.722916594119226,13.658732463065409,0.9470899470899471,99.31526640299857,1.9513208330232244e-05,0.5085301277880953
SARIMA MLE (exact),90,30.34376912177302,16.94514406969926,0.9411764705882353,116.92304942690865,2.6204640952446227e-05,0.25965091626667436
SARIMA MLE (exact),120,32.85732388482205,18.404857648214783,0.9297297297297298,123.94767643117913,0.0001354841698815398,0.13191576299147745
"ARMA(2,2) no seasonal",15,5.855667290111876,3.2517073290584118,0.953125,25.33432353517473,0.07273794007101642,0.9724291422000648
"ARMA(2,2) no seasonal",30,14.139797435513024,7.7666877162464205,0.9581151832460733,59.4490037564263,0.0037355807251302996,0.839237826784309
"ARMA(2,2) no seasonal",60,25.450347576998446,14.090831432930408,0.9523809523809523,105.79458271939008,0.00012631560049455412,0.4791832675594534
"ARMA(2,2) no seasonal",90,32.02860298352233,17.998244715330223,0.946524064171123,126.3865541981762,3.0192954217044222e-05,0.17515283716354113
"ARMA(2,2) no seasonal",120,35.348152074192846,19.961866567045703,0.9297297297297298,134.87154370911512,4.2590278230101234e-05,-0.004687322414857142
